Code,count_total,count_valid,missing_rate,zero_rate_valid,mean,std,min,p01,p05,p25,median,p75,p95,p99,max,skew,kurtosis_excess,iqr_outlier_rate,abs_z_gt_3_rate,annualized_volatility
24320,485,485,0.0,0.008247422680412371,0.0012223325445035896,0.02938637752604805,-0.1790212243795395,-0.07596204489469528,-0.03171767257153987,-0.011991899460554123,-0.00021689620916731656,0.014244061894714832,0.03816432803869243,0.09912479788064953,0.20772181451320648,0.7102083387381611,12.197178441932586,0.04742268041237113,0.018556701030927835,0.4664942812018839
29140,485,485,0.0,0.012371134020618556,0.0006718743892840215,0.015915666529031224,-0.18429797887802124,-0.03264589130878449,-0.01712336763739586,-0.00632751127704978,0.0006692694150842726,0.007460190448909998,0.019816151261329632,0.04580566838383663,0.08701137453317642,-2.4284521889090205,41.07144085977689,0.041237113402061855,0.01443298969072165,0.2526533735139071
33500,485,485,0.0,0.010309278350515464,0.00414383838903735,0.08557942998040237,-0.31015491485595703,-0.2523057645559311,-0.11448317021131516,-0.04716546833515167,-0.003072198946028948,0.04924793541431427,0.15052744150161734,0.22898519098758674,0.31015491485595703,0.04773743496675085,1.5617744082523402,0.03917525773195876,0.01443298969072165,1.3585313344248595
33820,485,485,0.0,0.01443298969072165,-0.00017885040385605402,0.022491414880913854,-0.12437129765748978,-0.07472565710544586,-0.02787969037890434,-0.009722125716507435,-0.00040924904169514775,0.008728361688554287,0.026775000989437064,0.05742366269230836,0.20468924939632416,0.9035006666613061,20.243198179191396,0.05154639175257732,0.018556701030927835,0.35704014245325283
40630,485,485,0.0,0.010309278350515464,0.0005802650781427558,0.024310232555844195,-0.1212301105260849,-0.08909917652606965,-0.036076512187719345,-0.009760142304003239,0.0006632033037021756,0.011884880252182484,0.036293905973434404,0.06679856210946979,0.12611597776412964,-0.25919770272202064,5.9893625176475975,0.07010309278350516,0.02268041237113402,0.38591297794145923
43850,485,485,0.0,0.010309278350515464,0.0017286050279226308,0.032262792320152535,-0.17438627779483795,-0.0719097277522087,-0.04389096945524216,-0.01660117134451866,0.0,0.017475174739956856,0.05000270605087278,0.10381985634565329,0.19041664898395538,0.6663421534676016,6.157293312805708,0.03917525773195876,0.018556701030927835,0.5121559504778891
45020,485,485,0.0,0.008247422680412371,0.0004208835822076431,0.013093604651460668,-0.07047780603170395,-0.03788279175758362,-0.020215669274330137,-0.005624944344162941,0.0009378663962706923,0.0076422966085374355,0.018764698877930638,0.02852165132760999,0.04570654407143593,-0.8205339333295327,4.256552102619527,0.03917525773195876,0.01443298969072165,0.2078545300389809
45190,485,485,0.0,0.004123711340206186,0.0010334017693596777,0.028199163799300788,-0.1945035606622696,-0.07621701210737228,-0.03615157753229141,-0.012090601958334446,0.00026451528538018465,0.016479559242725372,0.04023781493306155,0.058618116676807365,0.16164346039295197,-0.859648118693018,10.72823316490533,0.03505154639175258,0.01443298969072165,0.4476478475575512
45680,485,485,0.0,0.004123711340206186,-0.0014956563880088615,0.024875245633456743,-0.11106433719396591,-0.07618844002485275,-0.03851221054792404,-0.014742281287908554,-0.0017126224702224135,0.013187004253268242,0.03618279695510864,0.06243366494774796,0.10298793762922287,-0.19982762647791408,2.7340784877586097,0.04329896907216495,0.018556701030927835,0.3948822824866315
46610,485,485,0.0,0.006185567010309278,-0.0013354534935566221,0.01952121352280971,-0.11052246391773224,-0.05488096833229065,-0.02917686030268669,-0.011402101255953312,-0.0010962910018861294,0.008780154399573803,0.028744966164231278,0.043749278485774985,0.1057777926325798,-0.5678169200887563,6.5641101603298875,0.03917525773195876,0.010309278350515464,0.3098896576292737
47550,485,485,0.0,0.006185567010309278,-0.00018686096063339795,0.02551506243055621,-0.17261090874671936,-0.08457696676254273,-0.03408974260091781,-0.012533956207334995,-0.00022079929476603866,0.012946910224854946,0.0361341007053851,0.07159544318914408,0.09763496369123459,-0.7508547551412176,7.035099398872511,0.049484536082474224,0.02268041237113402,0.40503905926523387
54010,485,485,0.0,0.012371134020618556,-0.00039547827078591187,0.01608387913743474,-0.11312883347272873,-0.0449562706053257,-0.024608833715319633,-0.009075106121599674,0.0,0.008295809850096703,0.021174994856119147,0.039649664461612666,0.07168202847242355,-0.8726045981934369,7.405015023271105,0.03711340206185567,0.01443298969072165,0.2553236658892343
58010,485,485,0.0,0.006185567010309278,0.005174197909511031,0.04671492347500146,-0.2033843994140625,-0.1056228867173195,-0.06855347156524658,-0.019456837326288223,0.0021959932055324316,0.029866542667150497,0.07851660400629025,0.15062436461448644,0.20585206151008606,0.43520801618193733,2.695257327519929,0.0577319587628866,0.016494845360824743,0.7415764201816029
58030,485,485,0.0,0.004123711340206186,0.004502586765363621,0.04669574794518968,-0.21190837025642395,-0.11562201976776124,-0.06603271663188934,-0.020745625719428062,0.004365457687526941,0.03090026043355465,0.07425183951854696,0.11656428605318,0.17975719273090363,-0.290446304748606,3.0529926254589768,0.03505154639175258,0.01443298969072165,0.7412720180827636
60980,485,485,0.0,0.004123711340206186,0.0005878339592846274,0.029922109207390662,-0.11271514743566513,-0.077191641330719,-0.04700291529297829,-0.015899639576673508,-0.00030698388582095504,0.016550211235880852,0.04573920741677282,0.0781847739219662,0.1533653438091278,0.3191090462564041,3.7885355711810265,0.04536082474226804,0.016494845360824743,0.4749987579916302
61460,485,485,0.0,0.004123711340206186,0.00011731209257406365,0.03963192390387584,-0.17072981595993042,-0.09366000711917877,-0.06348491162061691,-0.02314622327685356,-0.0007447403040714562,0.023813113570213318,0.06046715006232254,0.11101751595735546,0.1576324999332428,-0.03104867076270424,1.6852767471464718,0.026804123711340205,0.010309278350515464,0.6291372877721496
62730,485,485,0.0,0.008247422680412371,-0.0002708050140333314,0.02582876112520366,-0.15763814747333527,-0.07254752427339554,-0.04159556776285171,-0.013001056388020515,0.0,0.013322534039616585,0.04140558689832684,0.06673366487026207,0.08812165260314941,-0.4111300330158504,3.7668584026491176,0.05360824742268041,0.012371134020618556,0.4100188716610903
63670,485,485,0.0,0.006185567010309278,3.0328533684201156e-05,0.021848899124183915,-0.12162882834672928,-0.05649313122034073,-0.032373125106096266,-0.010525061748921871,-0.00030326005071401596,0.011049835942685604,0.0329058863222599,0.06621370404958722,0.08697022497653961,-0.19679754893441753,4.526490500929313,0.04742268041237113,0.020618556701030927,0.3468405210187655
65010,485,485,0.0,0.008247422680412371,0.0009689199663494647,0.03026101344858866,-0.13737230002880096,-0.08929280042648316,-0.04355089664459228,-0.014606554061174393,-0.00020364524971228093,0.016155440360307693,0.04640545174479483,0.07579649269580822,0.15372668206691742,0.060560171223492186,4.3950415250599315,0.05360824742268041,0.018556701030927835,0.4803786960344799
65030,485,485,0.0,0.008247422680412371,0.0018069774222370602,0.02585972265552518,-0.14371292293071747,-0.06396436601877213,-0.03548138439655304,-0.01034005731344223,0.00017201341688632965,0.014229824766516685,0.044695238023996296,0.06864043563604336,0.13258853554725647,0.014514971433007322,4.73951281416243,0.06597938144329897,0.01443298969072165,0.41051037071773466
65260,485,485,0.0,0.004123711340206186,-0.0011389258413662,0.04032331730225624,-0.2237882763147354,-0.14066461265087127,-0.0566494844853878,-0.020579813048243523,-0.0012600127374753356,0.017223455011844635,0.06117232739925384,0.10411649703979468,0.17371253669261932,-0.6195383522220415,5.390999805625169,0.05360824742268041,0.020618556701030927,0.6401128177135076
65940,485,485,0.0,0.012371134020618556,-0.0007004454935968076,0.03139802666699869,-0.25406545400619507,-0.09246455132961273,-0.0386713944375515,-0.013256932608783245,-0.0013131977757439017,0.013047715649008751,0.04393092766404152,0.07307935416698437,0.13949601352214813,-1.777144626298464,15.802178771746336,0.05979381443298969,0.018556701030927835,0.4984282213143166
67010,485,485,0.0,0.004123711340206186,0.0011711306468230797,0.0290781060439461,-0.1428970992565155,-0.08251230835914612,-0.037104500085115434,-0.013005292043089867,0.0012040940346196294,0.015584731474518776,0.039429031312465654,0.09459394544362935,0.16869501769542694,0.20579223921929507,6.872629035226293,0.04536082474226804,0.02268041237113402,0.4616006231342736
67020,485,485,0.0,0.010309278350515464,0.0008148459030240871,0.024947916802751626,-0.1495579332113266,-0.08157249599695206,-0.03353478312492371,-0.010908032767474651,0.0010681860148906708,0.013331129215657711,0.03788644075393676,0.05324204072356205,0.1214926689863205,-0.4574974955403108,5.669063424612345,0.04536082474226804,0.02268041237113402,0.3960359015352627
67230,485,485,0.0,0.0,0.0008804726564102163,0.0378320423113231,-0.18232156336307526,-0.12029974222183228,-0.05249880775809288,-0.017960870638489723,-0.0008166598854586482,0.020219046622514725,0.06555222123861308,0.11657249033451073,0.17447134852409363,-0.08781878951777063,3.888639064841578,0.04536082474226804,0.024742268041237112,0.600565053272605
67580,485,485,0.0,0.006185567010309278,0.0005963543673602807,0.023602682932763106,-0.10585889965295792,-0.06144377693533897,-0.032040147483348845,-0.013994070701301098,-0.0009468203061260283,0.01220590528100729,0.03841794878244399,0.06899783432483671,0.12679001688957214,0.4137316815705926,3.3498800546894225,0.03917525773195876,0.01443298969072165,0.37468097588399896
67620,485,485,0.0,0.004123711340206186,0.0019829552586594855,0.03143861924271856,-0.17525197565555573,-0.07936702609062195,-0.04038615971803665,-0.015188861638307571,0.0013239773688837886,0.017957139760255814,0.05161284729838368,0.09913945436477628,0.138467475771904,0.0009299819919863869,4.065926636301583,0.04329896907216495,0.020618556701030927,0.4990726084768986
68570,485,485,0.0,0.004123711340206186,0.0032875403881279424,0.04149258058349509,-0.1724543571472168,-0.10107340931892395,-0.06211047172546386,-0.02104175090789795,0.0055803717114031315,0.028283368796110153,0.06589099317789074,0.12773415744304653,0.19946587085723877,0.052510320193683714,2.132788095159894,0.030927835051546393,0.01443298969072165,0.6586742968694118
68610,485,485,0.0,0.004123711340206186,0.00025793105575673704,0.024002526214199255,-0.1289321631193161,-0.054476304799318316,-0.03339349552989006,-0.011581108905375004,-0.0005625088233500719,0.010339572094380856,0.03468801304697989,0.06453240633010844,0.16261304914951324,1.053773519482946,9.373130640858207,0.05567010309278351,0.012371134020618556,0.3810282912004793
69020,485,485,0.0,0.004123711340206186,-0.0005923482609826342,0.020990375856560276,-0.17307868599891663,-0.058204126209020615,-0.033228016644716266,-0.009714297950267792,0.00025572176673449576,0.010437470860779285,0.025704857707023607,0.05528972268104545,0.1290428340435028,-0.8670522195729421,13.313607724114666,0.04536082474226804,0.01443298969072165,0.3332118866533973
69200,485,485,0.0,0.006185567010309278,-1.8414062149006604e-05,0.040881551869401594,-0.17964144051074982,-0.10704359263181687,-0.056748779863119124,-0.02197890728712082,-0.0018798604141920805,0.019237328320741653,0.06351331174373612,0.12660889029502834,0.20337340235710144,0.3474304649044014,4.130072164522468,0.049484536082474224,0.020618556701030927,0.6489745167409461
69540,485,485,0.0,0.006185567010309278,0.0012050976310964655,0.027281146427635475,-0.1273256242275238,-0.0623917555809021,-0.04062517210841179,-0.012830178253352642,0.0006391818751581013,0.013218519277870655,0.04577061533927915,0.07334802359342574,0.14828771352767944,0.48861227785220657,4.415999006022374,0.06597938144329897,0.012371134020618556,0.4330747735695698
69810,485,485,0.0,0.010309278350515464,0.002426765102877512,0.029739945246712658,-0.1462073028087616,-0.07095989793539048,-0.04175429940223693,-0.01167015265673399,0.0014573720982298255,0.015980416908860207,0.05363090708851809,0.09484413266181942,0.11983709037303925,0.0146422009782322,4.184435155874229,0.07010309278350516,0.018556701030927835,0.47210699476487494
70030,485,485,0.0,0.006185567010309278,0.0022865754518881154,0.043739406248247924,-0.30444470047950745,-0.1005089071393013,-0.05922713279724121,-0.021138180047273636,-0.00159362587146461,0.025911381468176842,0.07700566947460163,0.11088359892368314,0.16899609565734863,-0.438338009454333,6.311522726442021,0.04742268041237113,0.012371134020618556,0.6943415485589322
70110,485,485,0.0,0.006185567010309278,0.0021097504081367753,0.032339811158999865,-0.16206185519695282,-0.06715992212295532,-0.04403383582830429,-0.01491053868085146,0.0,0.01931166462600231,0.05168240219354625,0.10301659792661656,0.18098783493041992,0.3197449488149988,4.532463144347128,0.03917525773195876,0.018556701030927835,0.5133785866410311
70120,485,485,0.0,0.0,0.001991665783157025,0.03615829356677623,-0.1798381507396698,-0.08048539340496064,-0.05154659152030945,-0.01687193475663662,0.0004465282545424998,0.0210555512458086,0.0607491448521614,0.09096211552619908,0.14612244069576263,-0.0685547104340411,2.8459885896290817,0.041237113402061855,0.010309278350515464,0.5739951156609394
70130,485,485,0.0,0.010309278350515464,0.0032273102422081625,0.03506664236350417,-0.15322767198085785,-0.07776974529027939,-0.05088723376393318,-0.01804247684776783,0.0024774542544037104,0.023637130856513977,0.05975251942872999,0.09720765858888622,0.1763201355934143,0.2716824900022179,1.9919249705574424,0.030927835051546393,0.008247422680412371,0.5566656900472458
72010,485,485,0.0,0.002061855670103093,-0.0007044189578083046,0.030361914272556374,-0.1563773900270462,-0.07339423209428787,-0.04513392373919487,-0.016766278073191643,-0.0014011492021381855,0.015717415139079094,0.04120548367500296,0.08426926463842387,0.21266227960586548,0.5618367141128796,6.845686260168392,0.041237113402061855,0.010309278350515464,0.4819804469582804
72030,485,485,0.0,0.006185567010309278,-0.0002300088807818067,0.023370476429171515,-0.14682745933532715,-0.05627866968512535,-0.03520390465855598,-0.012326370924711227,-0.0007052186410874128,0.012424790300428867,0.0340548701584339,0.059892889261245384,0.13400694727897644,0.0562387200018968,6.815495054189199,0.032989690721649485,0.01443298969072165,0.3709948119161079
72670,485,485,0.0,0.016494845360824743,-0.0004070326007816211,0.02362636578334121,-0.19568242132663727,-0.05813266932964325,-0.03283458277583122,-0.011184011586010456,0.0,0.010511324740946293,0.030547826737165423,0.07890014916658397,0.13717038929462433,-0.3983660294105231,13.762308738321112,0.04536082474226804,0.018556701030927835,0.3750569294817996
74530,485,485,0.0,0.006185567010309278,0.0022700176758514044,0.02608248352451683,-0.13789650797843933,-0.06665086328983306,-0.03784455060958862,-0.01178169995546341,0.0014652017271146178,0.015856076031923294,0.04214882925152774,0.06914875566959366,0.12588024139404297,0.05201526155121019,3.8800589658296616,0.03505154639175258,0.016494845360824743,0.4140465898848659
77350,485,485,0.0,0.008247422680412371,0.0008113587964038105,0.03452868200783109,-0.14483094215393066,-0.09871853679418564,-0.04843317493796348,-0.017160438001155853,0.00047114252811297774,0.020153651013970375,0.05698843598365783,0.08745117872953413,0.11778303235769272,-0.31393325637870456,2.015703697134078,0.04329896907216495,0.010309278350515464,0.5481258341493087
77410,485,485,0.0,0.008247422680412371,0.0007241310384640586,0.021319934509309416,-0.09166719019412994,-0.06369858205318452,-0.031835110858082764,-0.01060869824141264,0.001242081867530942,0.011428696103394032,0.03367915451526637,0.05165092676877973,0.1529494822025299,0.25418375465948095,6.946184214831357,0.04742268041237113,0.01443298969072165,0.3384434680788996
77510,485,485,0.0,0.008247422680412371,-0.00015224250676782475,0.017774032804459865,-0.09429246187210083,-0.0561918868124485,-0.025551984831690785,-0.007812540046870708,0.0007343042525462806,0.00926954299211502,0.021850224584341042,0.044333446025848246,0.09406407177448273,-0.2833162064532488,6.558247821349681,0.049484536082474224,0.018556701030927835,0.2821540235718284
79360,485,485,0.0,0.006185567010309278,0.0016505272041576597,0.028729391060709986,-0.1670331209897995,-0.06476891338825226,-0.03701381608843803,-0.014850445091724396,0.0013860015897080302,0.016435621306300163,0.04538000151515003,0.07847148448228825,0.1649380922317505,0.05400728629890895,5.687967856875421,0.032989690721649485,0.01443298969072165,0.45606494438976464
79740,485,485,0.0,0.002061855670103093,-0.0003704810278014923,0.02529684234165183,-0.18062999844551086,-0.07125256299972535,-0.0333643265068531,-0.013626251369714737,-0.0011162791633978486,0.013245226815342903,0.03555546849966045,0.06089012011885632,0.12770622968673706,-0.538176767932749,8.149852002424275,0.030927835051546393,0.016494845360824743,0.40157492274731743
80010,485,485,0.0,0.012371134020618556,0.0005504601238686687,0.01966517512764457,-0.15696308016777039,-0.04563588693737984,-0.029127411916851996,-0.009622961282730103,0.0002565089089330286,0.010840930975973606,0.028807253390550576,0.047987502366304245,0.08912903070449829,-0.7989181236777295,10.03369543141335,0.03917525773195876,0.012371134020618556,0.3121749772576824
80310,485,485,0.0,0.008247422680412371,0.000584084392596065,0.02310561982318255,-0.22150015830993652,-0.06226038619875908,-0.030526791885495185,-0.010488733649253845,0.0006542361807078123,0.012479636818170547,0.03486733436584471,0.059359939396381366,0.09918384253978729,-1.8166887864656123,19.142952657803093,0.03917525773195876,0.01443298969072165,0.3667903436408714
80350,485,485,0.0,0.002061855670103093,0.0009151952192379334,0.03360503016932329,-0.20433250069618225,-0.09229469120502472,-0.04889358431100845,-0.01582624576985836,0.0010417753364890814,0.01736029051244259,0.048267193883657404,0.0841228109598159,0.1535351425409317,-0.7203165682906598,6.621770166274958,0.049484536082474224,0.01443298969072165,0.5334633157731133
80580,485,485,0.0,0.008247422680412371,0.0008814907367533245,0.02111614102935057,-0.15206877887248993,-0.061935555785894394,-0.028622949495911598,-0.009205656126141548,0.0005713741993531585,0.01044006459414959,0.032355577498674376,0.06411741495132446,0.08750677853822708,-0.6064561953078833,7.756887479095626,0.061855670103092786,0.020618556701030927,0.33520834687817436
81360,485,485,0.0,0.002061855670103093,0.0011731419749810006,0.03423333460571441,-0.15570226311683655,-0.0706355768442154,-0.05106402859091759,-0.0160029549151659,0.0,0.01697494648396969,0.0512935161590576,0.1104474049806591,0.16483020782470703,0.3590855068950639,4.588032368462893,0.04536082474226804,0.020618556701030927,0.5434373394910904
83060,485,485,0.0,0.008247422680412371,0.0012219934608756094,0.02385019827077867,-0.19653822481632233,-0.06054147109389305,-0.03180374093353748,-0.010599103756248951,0.0010961308144032955,0.014493007212877274,0.033170032501220685,0.05685762569308275,0.10315145552158356,-1.4540096544801822,13.076624256672877,0.032989690721649485,0.018556701030927835,0.3786101600643786
83160,485,485,0.0,0.01443298969072165,0.0010898312701682858,0.023489044888318586,-0.16870953142642975,-0.0694924122095108,-0.03216254338622093,-0.010252479463815689,0.00214617932215333,0.013039613142609596,0.03537806943058954,0.051825611889361946,0.10337213426828384,-0.8824910637721757,8.334034973348981,0.03711340206185567,0.016494845360824743,0.37287702785354354
84110,485,485,0.0,0.004123711340206186,0.0016615877745279409,0.026901106979271578,-0.21954819560050964,-0.06386122956871987,-0.03760004788637161,-0.010240089148283005,0.003332909196615219,0.015681715682148933,0.04100738912820816,0.06221095398068421,0.12667030096054077,-1.3343381283058273,11.846762239268127,0.04536082474226804,0.012371134020618556,0.4270418343569795
87250,485,485,0.0,0.010309278350515464,0.0005514204639523799,0.022244542761345087,-0.1478729248046875,-0.05372866034507751,-0.031661318987607955,-0.009277409873902798,0.0011341084027662873,0.011690342798829079,0.032427804172039026,0.05516657024621934,0.12480764836072922,-0.4803421549345307,8.904717338175189,0.049484536082474224,0.01443298969072165,0.3531211690491667
87660,485,485,0.0,0.004123711340206186,0.000556469938691379,0.027339091900349496,-0.2208671122789383,-0.06992185711860657,-0.031921951472759245,-0.011305451393127441,0.0001795170974219218,0.01269901730120182,0.0347433365881443,0.07285852998494982,0.1576324999332428,-0.3771038242955371,15.64378037251752,0.04742268041237113,0.018556701030927835,0.4339946294319901
91010,485,485,0.0,0.008247422680412371,0.00013138809119538433,0.020443608748999142,-0.13939212262630463,-0.05359072357416153,-0.03151783794164657,-0.00968482717871666,0.0011888252338394523,0.009683351963758469,0.026706963405013086,0.051696382761001455,0.1260308474302292,-0.4683540496979812,8.790368556799764,0.05360824742268041,0.01443298969072165,0.32453222790333613
91040,485,485,0.0,0.010309278350515464,0.00011298543627772326,0.02145683258529325,-0.15831534564495087,-0.05950565129518509,-0.03229883909225464,-0.008709561079740524,0.0006124323699623346,0.009544541127979755,0.029062366113066597,0.053392430096864306,0.14068427681922913,-0.39401473228107664,12.70098920038595,0.06804123711340206,0.016494845360824743,0.3406166576629983
91070,485,485,0.0,0.010309278350515464,0.00016030320161401497,0.025295261313835485,-0.24840186536312103,-0.07467365980148316,-0.034268949180841446,-0.01044148113578558,0.0009487666538916528,0.010743165388703346,0.0327236108481884,0.06796425044536554,0.16092634201049805,-1.548417091903749,23.37591186733451,0.061855670103092786,0.020618556701030927,0.40154982470880995
94320,485,485,0.0,0.0288659793814433,-6.515953711416458e-05,0.010329858162055752,-0.05305036902427673,-0.02661220319569111,-0.016129430569708343,-0.006443321239203215,-0.0006136851734481752,0.006583302281796932,0.016642911732196782,0.02847471140325069,0.03397354483604431,-0.24611538162933447,2.010854501020826,0.024742268041237112,0.010309278350515464,0.1639814146522216
94330,485,485,0.0,0.008247422680412371,0.00048118485002802475,0.013737921936734515,-0.09670450538396835,-0.03502247974276543,-0.020525911822915074,-0.006207111291587353,0.0008467400912195444,0.008340655826032162,0.01919218562543391,0.041086500585079073,0.057205136865377426,-0.7544290839163128,6.99128774379005,0.041237113402061855,0.018556701030927835,0.21808274985251005
95010,485,485,0.0,0.002061855670103093,-0.0010498136881896122,0.031422061591434854,-0.1602911353111267,-0.08332498550415039,-0.051368422061204906,-0.017993176355957985,-0.0016880807233974338,0.018319791182875633,0.04952444881200788,0.07087040662765463,0.15102502703666687,-0.14175408109112123,2.6129315704883656,0.030927835051546393,0.010309278350515464,0.4988097639113465
99830,485,485,0.0,0.0,0.001477566681119383,0.02132224858893123,-0.10085352510213852,-0.05041766479611397,-0.029901266098022457,-0.009535727091133595,0.00080580182839185,0.012616568244993687,0.03544875308871263,0.06466165781021112,0.11327573657035828,0.3976661895277557,4.417409737788178,0.04536082474226804,0.018556701030927835,0.3384802029540595
99840,485,485,0.0,0.002061855670103093,0.0024703427880387943,0.04154077602892503,-0.2065059095621109,-0.10392644643783569,-0.06840291917324066,-0.01881026290357113,0.0031407284550368786,0.023525554686784744,0.06669243276119226,0.1125879287719726,0.1810307800769806,-0.010817766062804293,2.662163984800306,0.05360824742268041,0.008247422680412371,0.6594393758470135
