date,smb_percent,hml_percent
1992-07-01,-0.45,-0.51
1992-08-01,-0.10,-1.09
1992-09-01,0.55,-0.19
1992-10-01,2.11,-1.98
1992-11-01,3.68,-1.52
1992-12-01,1.65,2.64
1993-01-01,1.89,5.90
1993-02-01,-3.39,6.48
1993-03-01,0.29,1.26
1993-04-01,-0.62,2.55
1993-05-01,2.06,-3.46
1993-06-01,-0.30,2.64
1993-07-01,0.96,2.87
1993-08-01,0.11,0.18
1993-09-01,3.09,-0.24
1993-10-01,1.99,-2.78
1993-11-01,-1.27,-0.78
1993-12-01,1.19,0.25
1994-01-01,0.33,1.10
1994-02-01,2.76,-1.52
1994-03-01,-1.08,1.67
1994-04-01,-0.93,1.66
1994-05-01,-2.09,0.60
1994-06-01,-0.43,1.77
1994-07-01,-1.81,0.61
1994-08-01,1.50,-2.55
1994-09-01,3.04,-1.81
1994-10-01,-2.16,-1.66
1994-11-01,0.28,-0.73
1994-12-01,0.17,-0.09
1995-01-01,-3.51,2.59
1995-02-01,-0.61,0.99
1995-03-01,-0.20,-2.13
1995-04-01,-0.51,1.67
1995-05-01,-2.53,2.28
1995-06-01,3.17,-2.54
1995-07-01,2.09,-1.58
1995-08-01,1.31,2.68
1995-09-01,-2.16,-0.11
1995-10-01,-3.80,-0.49
1995-11-01,-1.12,0.52
1995-12-01,0.66,0.24
1996-01-01,-2.83,0.46
1996-02-01,1.79,-1.05
1996-03-01,1.43,0.42
1996-04-01,5.20,-3.97
1996-05-01,3.20,-0.90
1996-06-01,-4.00,2.33
1996-07-01,-4.30,5.19
1996-08-01,2.45,-0.82
1996-09-01,-1.02,-2.74
1996-10-01,-4.39,4.88
1996-11-01,-4.04,1.40
1996-12-01,3.12,1.28
1997-01-01,-1.93,-1.44
1997-02-01,-3.16,5.61
1997-03-01,-0.33,3.39
1997-04-01,-5.74,0.00
1997-05-01,5.12,-4.11
1997-06-01,1.21,1.44
1997-07-01,-2.73,0.13
1997-08-01,7.15,1.13
1997-09-01,2.54,0.24
1997-10-01,-0.71,2.33
1997-11-01,-5.11,1.22
1997-12-01,-2.48,3.74
1998-01-01,-1.01,-1.68
1998-02-01,0.13,-0.93
1998-03-01,-1.19,1.38
1998-04-01,0.06,1.03
1998-05-01,-3.40,3.41
1998-06-01,-3.17,-2.03
1998-07-01,-4.83,-1.83
1998-08-01,-5.47,3.57
1998-09-01,-0.02,-3.51
1998-10-01,-2.98,-2.33
1998-11-01,1.26,-3.24
1998-12-01,-0.46,-4.25
1999-01-01,0.67,-4.46
1999-02-01,-6.02,1.95
1999-03-01,-3.84,-2.61
1999-04-01,3.89,2.40
1999-05-01,3.32,2.49
1999-06-01,3.23,-3.22
1999-07-01,2.48,-0.18
1999-08-01,-0.95,-1.93
1999-09-01,3.12,-2.90
1999-10-01,-6.94,-2.88
1999-11-01,6.87,-5.65
1999-12-01,6.56,-7.66
2000-01-01,5.16,-1.12
2000-02-01,21.25,-9.77
2000-03-01,-17.41,8.50
2000-04-01,-6.00,6.45
2000-05-01,-6.08,4.59
2000-06-01,12.71,-8.04
2000-07-01,-2.84,8.06
2000-08-01,-0.50,-1.37
2000-09-01,-1.74,7.24
2000-10-01,-3.85,5.58
2000-11-01,-3.08,12.24
2000-12-01,0.82,7.55
2001-01-01,6.41,-5.05
2001-02-01,-0.65,12.23
2001-03-01,0.26,6.47
2001-04-01,0.50,-4.64
2001-05-01,2.48,3.38
2001-06-01,6.35,-1.26
2001-07-01,-4.05,4.95
2001-08-01,2.19,2.86
2001-09-01,-6.23,1.52
2001-10-01,7.49,-7.31
2001-11-01,-0.57,2.17
2001-12-01,4.72,0.83
2002-01-01,1.17,3.42
2002-02-01,-1.08,2.34
2002-03-01,4.09,1.08
2002-04-01,5.82,4.01
2002-05-01,-3.27,1.52
2002-06-01,4.08,0.37
2002-07-01,-5.25,-3.51
2002-08-01,-2.80,3.01
2002-09-01,2.42,1.26
2002-10-01,-3.40,-3.76
2002-11-01,3.26,-1.16
2002-12-01,-0.04,2.11
2003-01-01,1.34,-0.79
2003-02-01,-0.44,-1.36
2003-03-01,1.17,-2.11
2003-04-01,0.76,1.22
2003-05-01,4.61,0.70
2003-06-01,1.70,0.14
2003-07-01,4.93,-1.53
2003-08-01,2.44,1.64
2003-09-01,0.85,0.14
2003-10-01,2.59,2.21
2003-11-01,2.06,1.72
2003-12-01,-2.68,1.51
2004-01-01,2.54,2.42
2004-02-01,-1.57,0.95
2004-03-01,1.73,0.23
2004-04-01,-1.73,-3.23
2004-05-01,-0.23,-0.18
2004-06-01,2.25,1.21
2004-07-01,-3.76,3.22
2004-08-01,-1.52,1.09
2004-09-01,3.00,-0.07
2004-10-01,0.13,-0.25
2004-11-01,3.73,1.57
2004-12-01,-0.03,-0.22
2005-01-01,-1.66,2.05
2005-02-01,-0.57,1.41
2005-03-01,-1.41,2.07
2005-04-01,-3.93,0.05
2005-05-01,2.86,-0.59
2005-06-01,2.56,2.80
2005-07-01,2.87,-0.78
2005-08-01,-1.07,1.34
2005-09-01,-0.62,0.78
2005-10-01,-1.30,0.43
2005-11-01,1.05,-1.19
2005-12-01,-0.44,0.15
2006-01-01,5.46,0.99
2006-02-01,-0.41,-0.31
2006-03-01,3.39,0.61
2006-04-01,-1.38,2.26
2006-05-01,-3.01,2.38
2006-06-01,-0.35,0.85
2006-07-01,-3.95,2.62
2006-08-01,0.99,-1.95
2006-09-01,-1.30,0.06
2006-10-01,1.77,-0.33
2006-11-01,0.63,0.03
2006-12-01,-1.16,2.75
2007-01-01,0.09,-0.68
2007-02-01,1.23,-0.08
2007-03-01,0.09,-0.88
2007-04-01,-2.21,-1.45
2007-05-01,0.16,-0.58
2007-06-01,0.73,-1.05
2007-07-01,-2.66,-3.68
2007-08-01,-0.11,-1.87
2007-09-01,-2.25,-2.17
2007-10-01,0.19,-2.87
2007-11-01,-2.81,-1.09
2007-12-01,0.11,-0.51
2008-01-01,-1.02,4.00
2008-02-01,-0.48,-0.72
2008-03-01,0.71,0.31
2008-04-01,-1.69,-0.96
2008-05-01,2.97,-1.50
2008-06-01,1.15,-2.51
2008-07-01,2.60,5.20
2008-08-01,3.40,1.52
2008-09-01,-1.07,5.66
2008-10-01,-2.31,-1.89
2008-11-01,-3.01,-6.21
2008-12-01,3.52,0.05
2009-01-01,0.04,-11.02
2009-02-01,0.14,-6.60
2009-03-01,-0.10,3.48
2009-04-01,5.40,5.38
2009-05-01,-2.41,0.41
2009-06-01,2.58,-2.76
2009-07-01,1.75,4.89
2009-08-01,-1.12,7.60
2009-09-01,2.43,1.15
2009-10-01,-4.26,-4.17
2009-11-01,-2.50,-0.33
2009-12-01,6.01,-0.11
2010-01-01,0.43,0.33
2010-02-01,1.18,3.18
2010-03-01,1.46,2.19
2010-04-01,4.84,2.96
2010-05-01,0.13,-2.48
2010-06-01,-1.79,-4.73
2010-07-01,0.22,-0.50
2010-08-01,-3.01,-1.73
2010-09-01,3.82,-3.02
2010-10-01,1.08,-2.46
2010-11-01,3.67,-0.90
2010-12-01,0.72,3.56
2011-01-01,-2.29,0.61
2011-02-01,1.50,1.18
2011-03-01,2.49,-1.84
2011-04-01,-0.42,-2.44
2011-05-01,-0.73,-1.85
2011-06-01,-0.27,-0.20
2011-07-01,-1.17,-0.91
2011-08-01,-2.96,-2.43
2011-09-01,-3.12,-1.53
2011-10-01,3.05,0.06
2011-11-01,-0.18,-0.52
2011-12-01,-0.56,1.54
2012-01-01,2.01,-0.93
2012-02-01,-1.84,0.42
2012-03-01,-0.63,1.19
2012-04-01,-0.37,-0.77
2012-05-01,0.12,-0.95
2012-06-01,0.72,0.55
2012-07-01,-2.76,-0.06
2012-08-01,0.50,1.23
2012-09-01,0.45,1.62
2012-10-01,-1.09,3.52
2012-11-01,0.60,-0.86
2012-12-01,1.50,3.48
2013-01-01,0.29,1.01
2013-02-01,-0.30,0.21
2013-03-01,0.83,-0.22
2013-04-01,-2.37,0.44
2013-05-01,1.70,2.67
2013-06-01,1.31,-0.05
2013-07-01,1.81,0.58
2013-08-01,0.32,-2.73
2013-09-01,2.89,-1.18
2013-10-01,-1.56,1.22
2013-11-01,1.31,0.19
2013-12-01,-0.44,0.00
2014-01-01,0.93,-1.99
2014-02-01,0.36,-0.35
2014-03-01,-1.86,4.90
2014-04-01,-4.18,1.22
2014-05-01,-1.85,-0.10
2014-06-01,3.05,-0.71
2014-07-01,-4.18,-0.08
2014-08-01,0.41,-0.57
2014-09-01,-3.59,-1.47
2014-10-01,4.05,-1.63
2014-11-01,-2.05,-3.13
2014-12-01,2.53,2.12
2015-01-01,-0.59,-3.45
2015-02-01,0.61,-1.79
2015-03-01,3.05,-0.38
2015-04-01,-2.99,1.80
2015-05-01,0.95,-1.11
2015-06-01,2.94,-0.82
2015-07-01,-4.17,-4.16
2015-08-01,0.37,2.75
2015-09-01,-2.63,0.55
2015-10-01,-1.90,-0.47
2015-11-01,3.58,-0.43
2015-12-01,-2.80,-2.57
2016-01-01,-3.40,2.08
2016-02-01,0.73,-0.61
2016-03-01,0.75,1.22
2016-04-01,0.77,3.22
2016-05-01,-0.18,-1.62
2016-06-01,0.60,-1.49
2016-07-01,2.45,-1.24
2016-08-01,1.17,3.17
2016-09-01,2.08,-1.19
2016-10-01,-4.39,4.11
2016-11-01,5.60,8.29
2016-12-01,0.14,3.47
2017-01-01,-1.16,-2.76
2017-02-01,-2.15,-1.50
2017-03-01,1.13,-3.33
2017-04-01,0.66,-2.05
2017-05-01,-2.52,-3.82
2017-06-01,2.21,1.50
2017-07-01,-1.45,-0.23
2017-08-01,-1.67,-2.13
2017-09-01,4.45,3.15
2017-10-01,-1.93,0.13
2017-11-01,-0.60,-0.09
2017-12-01,-1.32,0.05
2018-01-01,-3.16,-1.32
2018-02-01,0.27,-1.10
2018-03-01,4.05,-0.21
2018-04-01,1.09,0.53
2018-05-01,5.24,-3.14
2018-06-01,1.11,-2.33
2018-07-01,-2.23,0.49
2018-08-01,1.14,-3.91
2018-09-01,-2.29,-1.62
2018-10-01,-4.70,3.38
2018-11-01,-0.73,0.36
2018-12-01,-2.31,-1.92
2019-01-01,2.76,-0.39
2019-02-01,2.05,-2.66
2019-03-01,-3.03,-4.14
2019-04-01,-1.74,2.13
2019-05-01,-1.26,-2.45
2019-06-01,0.11,-0.64
2019-07-01,-1.96,0.50
2019-08-01,-2.39,-4.77
2019-09-01,-0.97,6.76
2019-10-01,0.27,-1.92
2019-11-01,0.72,-2.00
2019-12-01,0.76,1.73
2020-01-01,-3.10,-6.22
2020-02-01,1.08,-3.82
2020-03-01,-4.69,-13.83
2020-04-01,2.50,-1.34
2020-05-01,2.40,-5.00
2020-06-01,2.67,-2.17
2020-07-01,-2.35,-1.44
2020-08-01,-0.20,-3.02
2020-09-01,0.06,-2.72
2020-10-01,4.34,4.25
2020-11-01,5.81,2.09
2020-12-01,5.01,-1.68
2021-01-01,7.14,3.22
2021-02-01,2.02,7.20
2021-03-01,-2.33,7.35
2021-04-01,-3.19,-1.02
2021-05-01,-0.20,7.04
2021-06-01,1.70,-7.86
2021-07-01,-3.93,-1.79
2021-08-01,-0.32,-0.23
2021-09-01,0.66,5.12
2021-10-01,-2.26,-0.53
2021-11-01,-1.31,-0.37
2021-12-01,-1.63,3.25
2022-01-01,-5.93,12.86
2022-02-01,2.16,3.06
2022-03-01,-1.55,-1.90
2022-04-01,-1.35,6.18
2022-05-01,-1.84,8.44
2022-06-01,2.07,-6.00
2022-07-01,2.84,-4.15
2022-08-01,1.41,0.18
2022-09-01,-0.76,0.03
2022-10-01,0.01,7.97
2022-11-01,-3.57,1.48
2022-12-01,-0.76,1.34
2023-01-01,5.01,-3.94
2023-02-01,1.05,-0.80
2023-03-01,-5.48,-9.05
2023-04-01,-3.37,-0.12
2023-05-01,1.60,-7.79
2023-06-01,1.49,-0.13
2023-07-01,2.05,4.06
2023-08-01,-3.13,-1.15
2023-09-01,-2.50,1.50
2023-10-01,-3.87,0.20
2023-11-01,-0.10,1.67
2023-12-01,6.28,4.89
2024-01-01,-5.05,-2.38
2024-02-01,-0.26,-3.43
2024-03-01,-2.50,4.16
2024-04-01,-2.38,-0.45
2024-05-01,0.53,-1.31
2024-06-01,-3.00,-3.36
2024-07-01,6.81,5.57
2024-08-01,-3.49,-1.13
2024-09-01,-0.13,-2.73
2024-10-01,-0.95,0.91
2024-11-01,4.49,0.38
2024-12-01,-2.70,-2.97
2025-01-01,-2.00,1.76
2025-02-01,-5.77,4.84
2025-03-01,-2.72,2.87
2025-04-01,-0.57,-3.29
2025-05-01,0.61,-2.81
2025-06-01,0.71,-1.43
2025-07-01,0.27,-1.28
2025-08-01,3.81,4.44
2025-09-01,-1.91,-0.93
2025-10-01,-0.83,-2.76
2025-11-01,0.52,3.62
2025-12-01,-1.02,2.36
2026-01-01,2.13,3.82
2026-02-01,0.23,2.71
2026-03-01,0.42,3.41
2026-04-01,0.11,-1.17
2026-05-01,-1.68,-2.16
2026-06-01,3.58,3.34
