theme,canonical_repo,real_data,primary_source_provenance,reproducible,scheduled_workflow,latest_workflow_passed,public_view,investor2_integration,evidence_commit
The Great Acceleration,KAFKA2306/investor2,true,true,true,true,false,false,true,
AI Infrastructure,KAFKA2306/semiconductor-earnings-model,true,true,true,true,false,false,true,"""feba618b0addda1201b9aed610c75265eb226c70"""
The AI Consumer Operating System,KAFKA2306/finAnalist,true,true,false,true,true,false,true,"""abff0867bd2d3a38a329b4ce9c6b876fd6033362"""
AI Productivity,KAFKA2306/econalert,true,true,true,true,true,false,true,"""c725ffef7677ba63b566dd4c9a1a28ee00435d31"""
Bitcoin,KAFKA2306/btc_dashboard + KAFKA2306/mstr + KAFKA2306/option,false,false,false,false,false,false,false,"[""72c6b9da7ae05bdfbe487cb18521f14515bb7261"", ""6304aaf8ecafb38285c7b518180c71dacb39d484""]"
Tokenized Assets,KAFKA2306/fx,true,true,true,true,true,false,true,"""866deb012142ba417763045347e5b4e0da0d6eb0"""
DeFi Applications,KAFKA2306/skew,true,true,false,true,true,false,true,"""1e5c2173bfde72a0b0d381eea1347ba0af09f07b"""
Multiomics,KAFKA2306/multiomics,true,true,false,true,false,false,true,"""71eab6abc8d44efe522aa9346554af6c349a0a5f"""
Reusable Rockets,KAFKA2306/trahist,true,true,true,true,true,false,true,"""3b64cd0b06aa12397867cf0e4aaea9003257c9fe"""
Robotics,KAFKA2306/factory,true,true,true,true,true,false,true,"""3e9ecea0ea6d07a264db993c3332098181773d93"""
Distributed Energy,KAFKA2306/oil + KAFKA2306/uranium,true,true,false,true,false,false,true,"[""379372f3c5c3f0524e82de77846d65e18989da77"", ""c137acc2d8ec0448f0a5ccd4ef60fd9a6f2134eb""]"
Autonomous Vehicles,KAFKA2306/autonomous-vehicles,true,true,false,true,true,false,true,"""3f405cc785cca47b3f65737815cf78bafc218c47"""
Autonomous Logistics,KAFKA2306/autonomous-logistics,true,true,true,true,false,false,true,"""d8701f9e91f418ca3a72a7be5a86d560e99566ea"""
